Feature,VIF,R_squared
emotion_intensity,1.0006812814479469,0.0006808176195333138
hour,1.001198642580311,0.0011972075563564388
day_of_week,1.0007310689474986,0.0007305348761356134
month,1.0002410545067772,0.00024099641350572298
