{
  "best_model": "LR_baseline",
  "best_f2": 0.3599841051661635,
  "best_params": null,
  "all_rankings": {
    "LR_baseline": 0.3599841051661635,
    "LR_SMOTE": 0.35004077139035017,
    "XGB_tuned": 0.3329632169379898,
    "RF": 0.256941532693633,
    "XGB_SMOTE": 0.19621906739477496,
    "XGB": 0.13304910556193614
  }
}