k,f2_mean,f2_std
3,0.2506958589137273,0.03244860501354677
5,0.330515499764038,0.027014741204063476
7,0.3629931226968518,0.03307229927499708
11,0.36033057485643993,0.01870850281462422
15,0.4102680865006021,0.016344201015506914
