fold,f2,mse,r2,preds_below_0,preds_above_1
1,0.0778816199376947,0.16130260102025978,-0.27920474099305115,87,2
2,0.048859934853420196,0.15342990726368516,-0.23055008873380034,68,1
3,0.09740259740259741,0.20280297248347587,-0.6265356620213973,97,5
4,0.1111111111111111,0.1618216359583825,-0.2978540627376609,94,1
5,0.06557377049180328,0.15072702002707813,-0.20887218911069705,94,0
