n_components,f2_mean,f2_std,variance_explained
10,0.4623872211096337,0.007404564619040151,0.753273824515675
25,0.42884442617510476,0.022142202242015168,0.886775209850061
50,0.41106213004222025,0.044090061262826684,0.9237419825129162
100,0.420711478696291,0.02815250433966748,0.9670194847750696
33,0.4323736453251133,0.01997074349036336,0.9006607817821012
