config,f2_mean,f2_std,avg_nonzero_features
LR_L2_C1.0,0.3599841051661635,0.048354809851695296,518.0
LR_L2_C0.1,0.3960569341342038,0.06185383292307957,518.0
LR_L2_C10,0.32638068692060407,0.02850418904353011,518.0
LR_L1_C1.0,0.3934475855498677,0.05052061634653516,113.2
LR_L1_C0.1,0.4400108957081816,0.02373424712449347,9.8
LR_none,0.30668928449013094,0.03022905332860904,518.0
