fn_cost,model_cost,flag_all_cost,no_model_cost,optimal_threshold,optimal_cost,model_beats_flag_all
100,49710,60980,36600,0.8500000000000002,36620,True
200,65810,60980,73200,0.20000000000000004,60430,False
300,81910,60980,109800,0.1,60940,False
500,114110,60980,183000,0.1,60940,False
750,154360,60980,274500,0.1,60940,False
1000,194610,60980,366000,0.1,60940,False
2000,355610,60980,732000,0.1,60940,False
