tier,n,pct,n_escalated,prevalence
HIGH,238,9.520000000000001,33,13.865546218487395
MEDIUM,1135,45.4,172,15.15418502202643
LOW,1127,45.08,161,14.285714285714285
